block,lot,date,longitude,latitude
1895,45,"""2009-02-19T00:00:00.000Z""",-73.86615292037123,40.73916219327175
1997,18,"""2012-03-14T00:00:00.000Z""",-73.95660319703418,40.682291275605515
1497,48,"""2013-03-07T00:00:00.000Z""",-73.88786557361152,40.74377919761132
1497,48,"""2011-03-03T00:00:00.000Z""",-73.88786557361152,40.74377919761132
1497,48,"""2013-03-07T00:00:00.000Z""",-73.88786557361152,40.74377919761132
1497,48,"""2013-03-07T00:00:00.000Z""",-73.88786557361152,40.74377919761132
1996,56,"""1983-06-07T00:00:00.000Z""",-73.95570159228852,40.682836128958485
1996,56,"""2012-07-26T00:00:00.000Z""",-73.95570159228852,40.682836128958485
1996,56,"""2012-03-14T00:00:00.000Z""",-73.95570159228852,40.682836128958485
1996,56,"""2012-02-08T00:00:00.000Z""",-73.95570159228852,40.682836128958485
1996,56,"""1983-06-07T00:00:00.000Z""",-73.95570159228852,40.682836128958485
1986,1,"""2006-03-21T00:00:00.000Z""",-73.9563987620457,40.8175821894314
1986,1,"""2012-02-08T00:00:00.000Z""",-73.9563987620457,40.8175821894314
1997,27,"""2006-02-15T00:00:00.000Z""",-73.85610342539285,40.7504689919533
1997,27,"""2012-02-08T00:00:00.000Z""",-73.85610342539285,40.7504689919533
2255,2000,"""2014-06-06T00:00:00.000Z""",-73.92569223490548,40.873487162605144
2255,2000,"""2014-06-06T00:00:00.000Z""",-73.92569223490548,40.873487162605144
2255,2000,"""2014-06-06T00:00:00.000Z""",-73.92569223490548,40.873487162605144
2255,2000,"""2014-06-06T00:00:00.000Z""",-73.92569223490548,40.873487162605144
2255,2000,"""2014-06-06T00:00:00.000Z""",-73.92569223490548,40.873487162605144
2255,2000,"""2014-06-06T00:00:00.000Z""",-73.92569223490548,40.873487162605144
2255,2000,"""2014-06-06T00:00:00.000Z""",-73.92569223490548,40.873487162605144
2785,40,"""1969-02-13T00:00:00.000Z""",-73.91113904435596,40.8374161200507
2785,40,"""1968-09-25T00:00:00.000Z""",-73.91113904435596,40.8374161200507
2785,40,"""1969-02-13T00:00:00.000Z""",-73.91113904435596,40.8374161200507
2785,40,"""1968-09-25T00:00:00.000Z""",-73.91113904435596,40.8374161200507
2785,40,"""1969-02-13T00:00:00.000Z""",-73.91113904435596,40.8374161200507
2785,40,"""1968-09-25T00:00:00.000Z""",-73.91113904435596,40.8374161200507
2785,40,"""1969-02-13T00:00:00.000Z""",-73.91113904435596,40.8374161200507
2785,40,"""1968-09-25T00:00:00.000Z""",-73.91113904435596,40.8374161200507
2785,40,"""1969-02-13T00:00:00.000Z""",-73.91113904435596,40.8374161200507
2785,40,"""1968-09-25T00:00:00.000Z""",-73.91113904435596,40.8374161200507
2785,40,"""1969-02-13T00:00:00.000Z""",-73.91113904435596,40.8374161200507
2785,40,"""1968-09-25T00:00:00.000Z""",-73.91113904435596,40.8374161200507
2785,40,"""1969-02-13T00:00:00.000Z""",-73.91113904435596,40.8374161200507
2785,40,"""1968-09-25T00:00:00.000Z""",-73.91113904435596,40.8374161200507
1996,56,"""1983-06-07T00:00:00.000Z""",-73.85606027317891,40.750952615105724
1996,56,"""2012-07-26T00:00:00.000Z""",-73.85606027317891,40.750952615105724
1996,56,"""2012-03-14T00:00:00.000Z""",-73.85606027317891,40.750952615105724
1996,56,"""2012-02-08T00:00:00.000Z""",-73.85606027317891,40.750952615105724
1996,56,"""1983-06-07T00:00:00.000Z""",-73.85606027317891,40.750952615105724
1893,3,"""1982-11-05T00:00:00.000Z""",-73.96859394285094,40.80384994311781
1893,3,"""1982-11-05T00:00:00.000Z""",-73.96859394285094,40.80384994311781
1997,49,"""2012-03-14T00:00:00.000Z""",-73.85638602615734,40.75008638801441
1997,49,"""2012-02-08T00:00:00.000Z""",-73.85638602615734,40.75008638801441
1995,31,"""2002-09-24T00:00:00.000Z""",-73.95668088195971,40.682750388786026
1995,31,"""2002-09-24T00:00:00.000Z""",-73.95668088195971,40.682750388786026
1995,31,"""2012-03-14T00:00:00.000Z""",-73.95668088195971,40.682750388786026
1995,31,"""2012-02-08T00:00:00.000Z""",-73.95668088195971,40.682750388786026
1995,31,"""2002-09-24T00:00:00.000Z""",-73.95668088195971,40.682750388786026
1995,31,"""2002-09-24T00:00:00.000Z""",-73.95668088195971,40.682750388786026
3148,23,"""1972-11-01T00:00:00.000Z""",-73.89508452709664,40.86183167431024
3148,23,"""1972-11-01T00:00:00.000Z""",-73.89508452709664,40.86183167431024
3148,23,"""1972-11-01T00:00:00.000Z""",-73.89508452709664,40.86183167431024
3148,23,"""1973-02-20T00:00:00.000Z""",-73.89508452709664,40.86183167431024
3148,23,"""1973-02-15T00:00:00.000Z""",-73.89508452709664,40.86183167431024
3148,23,"""1973-02-20T00:00:00.000Z""",-73.89508452709664,40.86183167431024
3148,23,"""1973-02-15T00:00:00.000Z""",-73.89508452709664,40.86183167431024
3148,23,"""1972-11-01T00:00:00.000Z""",-73.89508452709664,40.86183167431024
3148,23,"""1972-11-01T00:00:00.000Z""",-73.89508452709664,40.86183167431024
3148,23,"""1972-11-01T00:00:00.000Z""",-73.89508452709664,40.86183167431024
3148,23,"""1973-02-20T00:00:00.000Z""",-73.89508452709664,40.86183167431024
3148,23,"""1973-02-15T00:00:00.000Z""",-73.89508452709664,40.86183167431024
3148,23,"""1972-11-01T00:00:00.000Z""",-73.89508452709664,40.86183167431024
1305,60,"""1993-06-30T00:00:00.000Z""",-73.97240405749031,40.757077744554664
1982,1,"""2008-01-31T00:00:00.000Z""",-73.96143881724684,40.68294923337842
1996,18,"""2004-12-15T00:00:00.000Z""",-73.85753661822729,40.75080847049078
1996,18,"""2012-03-14T00:00:00.000Z""",-73.85753661822729,40.75080847049078
1996,18,"""2012-02-08T00:00:00.000Z""",-73.85753661822729,40.75080847049078
1982,1,"""2008-01-31T00:00:00.000Z""",-73.95736172552077,40.81513716709641
2139,219,"""2009-11-10T00:00:00.000Z""",-73.94332411043855,40.843920804558344
2139,219,"""2009-11-10T00:00:00.000Z""",-73.94332411043855,40.843920804558344
2139,219,"""2009-11-10T00:00:00.000Z""",-73.94332411043855,40.843920804558344
1998,3,"""2009-02-19T00:00:00.000Z""",-73.9593071763585,40.81885438941924
1497,48,"""2013-03-07T00:00:00.000Z""",-73.91819048912066,40.68417327489915
1497,48,"""2011-03-03T00:00:00.000Z""",-73.91819048912066,40.68417327489915
1497,48,"""2013-03-07T00:00:00.000Z""",-73.91819048912066,40.68417327489915
1497,48,"""2013-03-07T00:00:00.000Z""",-73.91819048912066,40.68417327489915
1997,30,"""2012-02-08T00:00:00.000Z""",-73.85584814457073,40.75054528045269
1997,30,"""2008-09-22T00:00:00.000Z""",-73.85584814457073,40.75054528045269
1997,52,"""2012-02-08T00:00:00.000Z""",-73.85663736616635,40.75001102071879
1843,61,"""2009-07-01T00:00:00.000Z""",-73.9616809366633,40.80031676209853
1996,14,"""2012-03-14T00:00:00.000Z""",-73.95929514483628,40.81739221724801
1996,14,"""2012-02-08T00:00:00.000Z""",-73.95929514483628,40.81739221724801
1987,1,"""2019-10-02T00:00:00.000Z""",-73.86001819699166,40.74777216595363
1997,29,"""2008-11-12T00:00:00.000Z""",-73.85593260928975,40.75052004008574
1997,29,"""2012-02-08T00:00:00.000Z""",-73.85593260928975,40.75052004008574
1998,24,"""2008-06-20T00:00:00.000Z""",-73.85550902525962,40.74988601018665
1998,24,"""2012-03-14T00:00:00.000Z""",-73.85550902525962,40.74988601018665
1961,37,"""1990-12-11T00:00:00.000Z""",-73.96020613258118,40.807589397685916
1987,7,"""2006-06-22T00:00:00.000Z""",-73.85967863164703,40.74787326411839
1893,3,"""1982-11-05T00:00:00.000Z""",-73.86803503026013,40.73912334474696
1893,3,"""1982-11-05T00:00:00.000Z""",-73.86803503026013,40.73912334474696
1998,10,"""2012-02-08T00:00:00.000Z""",-73.85669508887482,40.749531426636665
1986,10,"""2004-07-22T00:00:00.000Z""",-73.8598966979517,40.74857797104905
1497,48,"""2013-03-07T00:00:00.000Z""",-74.15301864921955,40.61738882746747
1497,48,"""2011-03-03T00:00:00.000Z""",-74.15301864921955,40.61738882746747
1497,48,"""2013-03-07T00:00:00.000Z""",-74.15301864921955,40.61738882746747
1497,48,"""2013-03-07T00:00:00.000Z""",-74.15301864921955,40.61738882746747
1987,7,"""2006-06-22T00:00:00.000Z""",-73.95509698450208,40.818846633937206
1987,7,"""2006-06-22T00:00:00.000Z""",-73.95878092408732,40.6842343273275
2176,5,"""2001-08-28T00:00:00.000Z""",-73.93905041437694,40.84817787702846
2176,5,"""2001-08-28T00:00:00.000Z""",-73.93905041437694,40.84817787702846
2176,5,"""2001-08-28T00:00:00.000Z""",-73.93905041437694,40.84817787702846
2176,5,"""2001-08-28T00:00:00.000Z""",-73.93905041437694,40.84817787702846
1999,36,"""2017-07-06T00:00:00.000Z""",-73.95503017743718,40.681250463175274
1867,29,"""2002-10-11T00:00:00.000Z""",-73.94845033033674,40.67935714788758
1867,29,"""2002-10-11T00:00:00.000Z""",-73.94845033033674,40.67935714788758
1867,29,"""2002-10-11T00:00:00.000Z""",-73.94845033033674,40.67935714788758
1867,29,"""2002-10-11T00:00:00.000Z""",-73.94845033033674,40.67935714788758
1896,38,"""2005-12-01T00:00:00.000Z""",-73.96581446546541,40.80773749852418
1998,17,"""2012-03-14T00:00:00.000Z""",-73.85609621605995,40.7497104669579
1998,17,"""2007-06-28T00:00:00.000Z""",-73.85609621605995,40.7497104669579
16295,30,"""2008-05-12T00:00:00.000Z""",-73.86201316352845,40.57414986574598
16295,30,"""2007-08-23T00:00:00.000Z""",-73.86201316352845,40.57414986574598
1996,29,"""2006-06-27T00:00:00.000Z""",-73.95420765304792,40.68331419321447
1996,29,"""2012-02-08T00:00:00.000Z""",-73.95420765304792,40.68331419321447
861,49,"""2001-05-10T00:00:00.000Z""",-73.9207678284365,40.772176724409064
861,49,"""2001-05-10T00:00:00.000Z""",-73.9207678284365,40.772176724409064
861,49,"""2002-04-11T00:00:00.000Z""",-73.9207678284365,40.772176724409064
861,49,"""2002-04-11T00:00:00.000Z""",-73.9207678284365,40.772176724409064
861,49,"""2001-05-10T00:00:00.000Z""",-73.9207678284365,40.772176724409064
861,49,"""2002-04-11T00:00:00.000Z""",-73.9207678284365,40.772176724409064
861,49,"""2002-04-11T00:00:00.000Z""",-73.9207678284365,40.772176724409064
861,49,"""2002-04-11T00:00:00.000Z""",-73.9207678284365,40.772176724409064
1998,61,"""2007-07-31T00:00:00.000Z""",-73.959157195843,40.81905913499808
1986,65,"""2004-11-18T00:00:00.000Z""",-73.95578091980963,40.81827455976268
1995,44,"""2020-02-03T00:00:00.000Z""",-73.95955501883438,40.81647885469672
1995,44,"""2020-02-03T00:00:00.000Z""",-73.95955501883438,40.81647885469672
1995,44,"""2020-02-03T00:00:00.000Z""",-73.95955501883438,40.81647885469672
1995,44,"""2020-02-03T00:00:00.000Z""",-73.95955501883438,40.81647885469672
1995,44,"""2020-02-03T00:00:00.000Z""",-73.95955501883438,40.81647885469672
1995,44,"""2020-02-03T00:00:00.000Z""",-73.95955501883438,40.81647885469672
1995,44,"""2020-02-03T00:00:00.000Z""",-73.95955501883438,40.81647885469672
1995,44,"""2020-02-03T00:00:00.000Z""",-73.95955501883438,40.81647885469672
1995,44,"""2020-02-03T00:00:00.000Z""",-73.95955501883438,40.81647885469672
1995,44,"""2020-02-03T00:00:00.000Z""",-73.95955501883438,40.81647885469672
1997,1,"""2005-01-31T00:00:00.000Z""",-73.95710616810362,40.68179864001537
1997,1,"""2012-03-14T00:00:00.000Z""",-73.95710616810362,40.68179864001537
1997,1,"""2012-02-08T00:00:00.000Z""",-73.95710616810362,40.68179864001537
1867,33,"""2002-10-11T00:00:00.000Z""",-73.94816578021806,40.679348763924615
1867,33,"""2002-10-11T00:00:00.000Z""",-73.94816578021806,40.679348763924615
1867,33,"""2002-10-11T00:00:00.000Z""",-73.94816578021806,40.679348763924615
1867,33,"""2002-10-11T00:00:00.000Z""",-73.94816578021806,40.679348763924615
1998,1,"""2012-02-08T00:00:00.000Z""",-73.95521923358368,40.682309933530235
1986,1,"""2006-03-21T00:00:00.000Z""",-74.13566435830357,40.60048444468447
1986,1,"""2012-02-08T00:00:00.000Z""",-74.13566435830357,40.60048444468447
1998,38,"""2018-04-26T00:00:00.000Z""",-73.95724911257226,40.81825334083888
1998,29,"""2012-11-16T00:00:00.000Z""",-73.95709410305376,40.81803241241788
1998,29,"""2012-03-14T00:00:00.000Z""",-73.95709410305376,40.81803241241788
1998,29,"""2012-02-08T00:00:00.000Z""",-73.95709410305376,40.81803241241788
1982,1,"""2008-01-31T00:00:00.000Z""",-73.86109114298202,40.745093084925195
1996,16,"""2012-03-14T00:00:00.000Z""",-73.85762027839418,40.750783719972354
1996,16,"""2012-02-08T00:00:00.000Z""",-73.85762027839418,40.750783719972354
2141,17,"""2007-06-28T00:00:00.000Z""",-73.95819660585369,40.708336279833624
1996,23,"""2012-02-08T00:00:00.000Z""",-73.95847449463227,40.816987185290664
1867,30,"""2002-10-11T00:00:00.000Z""",-73.9606347643574,40.80550652501397
1867,30,"""2002-10-11T00:00:00.000Z""",-73.9606347643574,40.80550652501397
1867,30,"""2002-10-11T00:00:00.000Z""",-73.9606347643574,40.80550652501397
1867,30,"""2002-10-11T00:00:00.000Z""",-73.9606347643574,40.80550652501397
1896,38,"""2005-12-01T00:00:00.000Z""",-73.86536147653334,40.73963412910261
1998,24,"""2008-06-20T00:00:00.000Z""",-73.9574967481457,40.81820237244161
1998,24,"""2012-03-14T00:00:00.000Z""",-73.9574967481457,40.81820237244161
1867,31,"""2002-10-11T00:00:00.000Z""",-73.94830864526467,40.67935673102529
1867,31,"""2002-10-11T00:00:00.000Z""",-73.94830864526467,40.67935673102529
1867,31,"""2002-10-11T00:00:00.000Z""",-73.94830864526467,40.67935673102529
1867,31,"""2002-10-11T00:00:00.000Z""",-73.94830864526467,40.67935673102529
1996,20,"""2004-12-15T00:00:00.000Z""",-73.95476483880805,40.68325258624699
1996,20,"""2012-03-14T00:00:00.000Z""",-73.95476483880805,40.68325258624699
1996,20,"""2012-02-08T00:00:00.000Z""",-73.95476483880805,40.68325258624699
1997,40,"""2009-05-12T00:00:00.000Z""",-73.95593647774278,40.68153190810093
1997,40,"""2012-03-14T00:00:00.000Z""",-73.95593647774278,40.68153190810093
1997,40,"""2012-02-08T00:00:00.000Z""",-73.95593647774278,40.68153190810093
2094,29,"""2016-07-29T00:00:00.000Z""",-73.94982859626457,40.82813266294437
2094,29,"""2016-07-29T00:00:00.000Z""",-73.94982859626457,40.82813266294437
2094,29,"""2016-07-29T00:00:00.000Z""",-73.94982859626457,40.82813266294437
2094,29,"""2016-07-29T00:00:00.000Z""",-73.94982859626457,40.82813266294437
2094,29,"""2016-07-29T00:00:00.000Z""",-73.94982859626457,40.82813266294437
2094,29,"""2016-07-29T00:00:00.000Z""",-73.94982859626457,40.82813266294437
2094,29,"""2016-07-29T00:00:00.000Z""",-73.94982859626457,40.82813266294437
2094,29,"""2016-07-29T00:00:00.000Z""",-73.94982859626457,40.82813266294437
2094,29,"""2008-02-06T00:00:00.000Z""",-73.94982859626457,40.82813266294437
2094,29,"""2016-07-29T00:00:00.000Z""",-73.94982859626457,40.82813266294437
2094,29,"""2016-07-29T00:00:00.000Z""",-73.94982859626457,40.82813266294437
1998,3,"""2009-02-19T00:00:00.000Z""",-73.85727424915528,40.749358275702065
1998,26,"""2008-06-20T00:00:00.000Z""",-73.85534750974203,40.750041742181836
1998,26,"""2012-03-14T00:00:00.000Z""",-73.85534750974203,40.750041742181836
1998,17,"""2012-03-14T00:00:00.000Z""",-73.95785233234376,40.818352460305285
1998,17,"""2007-06-28T00:00:00.000Z""",-73.95785233234376,40.818352460305285
1997,44,"""2012-09-05T00:00:00.000Z""",-73.95598039560011,40.6814046960157
1997,44,"""2012-03-14T00:00:00.000Z""",-73.95598039560011,40.6814046960157
1998,26,"""2008-06-20T00:00:00.000Z""",-73.95742438382193,40.81801407831944
1998,26,"""2012-03-14T00:00:00.000Z""",-73.95742438382193,40.81801407831944
1996,61,"""2012-07-26T00:00:00.000Z""",-73.95992219983147,40.817830799261735
1996,61,"""2012-03-14T00:00:00.000Z""",-73.95992219983147,40.817830799261735
1996,61,"""2012-02-08T00:00:00.000Z""",-73.95992219983147,40.817830799261735
1312,40,"""1992-01-03T00:00:00.000Z""",-73.96741014593559,40.76095273171782
1312,40,"""1992-03-27T00:00:00.000Z""",-73.96741014593559,40.76095273171782
1312,40,"""2002-03-19T00:00:00.000Z""",-73.96741014593559,40.76095273171782
1312,40,"""2002-03-19T00:00:00.000Z""",-73.96741014593559,40.76095273171782
1312,40,"""2002-03-19T00:00:00.000Z""",-73.96741014593559,40.76095273171782
1312,40,"""2002-03-19T00:00:00.000Z""",-73.96741014593559,40.76095273171782
1867,30,"""2002-10-11T00:00:00.000Z""",-73.86946822757808,40.74038186029004
1867,30,"""2002-10-11T00:00:00.000Z""",-73.86946822757808,40.74038186029004
1867,30,"""2002-10-11T00:00:00.000Z""",-73.86946822757808,40.74038186029004
1867,30,"""2002-10-11T00:00:00.000Z""",-73.86946822757808,40.74038186029004
1997,47,"""2004-12-15T00:00:00.000Z""",-73.85621935374607,40.750136366869455
1997,47,"""2012-03-14T00:00:00.000Z""",-73.85621935374607,40.750136366869455
1998,6,"""2012-02-08T00:00:00.000Z""",-73.85702232985419,40.749433593008256
1998,38,"""2018-04-26T00:00:00.000Z""",-73.85559475276511,40.74956073312769
1492,163,"""1987-02-11T00:00:00.000Z""",-73.962018020905,40.77774943310655
1492,163,"""1987-02-11T00:00:00.000Z""",-73.962018020905,40.77774943310655
1982,1,"""2008-01-31T00:00:00.000Z""",-74.14009173805809,40.601660742337224
1996,36,"""2002-09-24T00:00:00.000Z""",-73.95413209894842,40.68293217118977
1996,36,"""2012-02-08T00:00:00.000Z""",-73.95413209894842,40.68293217118977
1996,36,"""2002-09-24T00:00:00.000Z""",-73.95413209894842,40.68293217118977
1996,36,"""2002-09-24T00:00:00.000Z""",-73.95413209894842,40.68293217118977
1996,36,"""2002-09-24T00:00:00.000Z""",-73.95413209894842,40.68293217118977
2094,32,"""2016-07-29T00:00:00.000Z""",-73.94969063799438,40.82800944014917
2094,32,"""2016-07-29T00:00:00.000Z""",-73.94969063799438,40.82800944014917
2094,32,"""2016-07-29T00:00:00.000Z""",-73.94969063799438,40.82800944014917
2094,32,"""2016-07-29T00:00:00.000Z""",-73.94969063799438,40.82800944014917
2094,32,"""2016-07-29T00:00:00.000Z""",-73.94969063799438,40.82800944014917
2094,32,"""2016-07-29T00:00:00.000Z""",-73.94969063799438,40.82800944014917
2094,32,"""2016-07-29T00:00:00.000Z""",-73.94969063799438,40.82800944014917
2094,32,"""2016-07-29T00:00:00.000Z""",-73.94969063799438,40.82800944014917
2094,32,"""2016-07-29T00:00:00.000Z""",-73.94969063799438,40.82800944014917
2094,32,"""2016-07-29T00:00:00.000Z""",-73.94969063799438,40.82800944014917
1896,9,"""1991-07-31T00:00:00.000Z""",-73.96100028085313,40.69482024273135
8064,92,"""1990-02-22T00:00:00.000Z""",-73.74985163961667,40.77226096866801
1999,36,"""2017-07-06T00:00:00.000Z""",-73.95658507806908,40.81881586201614
1997,44,"""2012-09-05T00:00:00.000Z""",-73.8559702018538,40.75021107879697
1997,44,"""2012-03-14T00:00:00.000Z""",-73.8559702018538,40.75021107879697
2139,250,"""2009-11-10T00:00:00.000Z""",-73.94302545432579,40.84478334240059
2139,250,"""2009-11-10T00:00:00.000Z""",-73.94302545432579,40.84478334240059
2139,250,"""2009-11-10T00:00:00.000Z""",-73.94302545432579,40.84478334240059
2123,68,"""1986-05-05T00:00:00.000Z""",-73.85497050959312,40.73393245133562
2123,68,"""2008-01-22T00:00:00.000Z""",-73.85497050959312,40.73393245133562
2123,68,"""2008-01-22T00:00:00.000Z""",-73.85497050959312,40.73393245133562
2123,68,"""2008-01-22T00:00:00.000Z""",-73.85497050959312,40.73393245133562
2123,68,"""2008-01-22T00:00:00.000Z""",-73.85497050959312,40.73393245133562
2123,68,"""1986-05-05T00:00:00.000Z""",-73.85497050959312,40.73393245133562
2123,68,"""2008-01-22T00:00:00.000Z""",-73.85497050959312,40.73393245133562
2123,68,"""2008-01-22T00:00:00.000Z""",-73.85497050959312,40.73393245133562
2123,68,"""2008-01-22T00:00:00.000Z""",-73.85497050959312,40.73393245133562
1996,23,"""2012-02-08T00:00:00.000Z""",-73.85728219034738,40.75088377045096
1996,15,"""2002-09-24T00:00:00.000Z""",-73.9551201389729,40.68321194497381
1996,15,"""2012-02-08T00:00:00.000Z""",-73.9551201389729,40.68321194497381
1996,15,"""2002-09-24T00:00:00.000Z""",-73.9551201389729,40.68321194497381
1996,15,"""2002-09-24T00:00:00.000Z""",-73.9551201389729,40.68321194497381
1996,15,"""2002-09-24T00:00:00.000Z""",-73.9551201389729,40.68321194497381
1996,20,"""2004-12-15T00:00:00.000Z""",-73.8574518923779,40.750833555304716
1996,20,"""2012-03-14T00:00:00.000Z""",-73.8574518923779,40.750833555304716
1996,20,"""2012-02-08T00:00:00.000Z""",-73.8574518923779,40.750833555304716
2123,36,"""1984-04-06T00:00:00.000Z""",-73.93853384344168,40.83870950230109
966,51,"""1978-10-25T00:00:00.000Z""",-73.97787778782315,40.672124522991055
966,51,"""1978-10-25T00:00:00.000Z""",-73.97787778782315,40.672124522991055
966,51,"""1978-10-25T00:00:00.000Z""",-73.97787778782315,40.672124522991055
966,51,"""1978-10-25T00:00:00.000Z""",-73.97787778782315,40.672124522991055
966,51,"""1979-02-26T00:00:00.000Z""",-73.97787778782315,40.672124522991055
966,51,"""1979-02-26T00:00:00.000Z""",-73.97787778782315,40.672124522991055
966,51,"""1978-10-25T00:00:00.000Z""",-73.97787778782315,40.672124522991055
1885,47,"""1981-08-17T00:00:00.000Z""",-73.96344436299164,40.80586925775231
1885,47,"""2010-06-04T00:00:00.000Z""",-73.96344436299164,40.80586925775231
1885,47,"""1981-08-17T00:00:00.000Z""",-73.96344436299164,40.80586925775231
1996,14,"""2012-03-14T00:00:00.000Z""",-73.95519117849858,40.68320381923938
1996,14,"""2012-02-08T00:00:00.000Z""",-73.95519117849858,40.68320381923938
1885,47,"""1981-08-17T00:00:00.000Z""",-73.86895913908565,40.740521824400304
1885,47,"""2010-06-04T00:00:00.000Z""",-73.86895913908565,40.740521824400304
1885,47,"""1981-08-17T00:00:00.000Z""",-73.86895913908565,40.740521824400304
2139,17,"""2005-07-26T00:00:00.000Z""",-73.94350028343032,40.84239678041527
2139,17,"""2005-07-26T00:00:00.000Z""",-73.94350028343032,40.84239678041527
2139,17,"""2005-07-26T00:00:00.000Z""",-73.94350028343032,40.84239678041527
2139,17,"""2005-07-26T00:00:00.000Z""",-73.94350028343032,40.84239678041527
2139,17,"""2005-07-26T00:00:00.000Z""",-73.94350028343032,40.84239678041527
2139,17,"""2005-07-26T00:00:00.000Z""",-73.94350028343032,40.84239678041527
2139,17,"""2005-07-26T00:00:00.000Z""",-73.94350028343032,40.84239678041527
1997,33,"""2004-12-15T00:00:00.000Z""",-73.85565297247497,40.75063941611056
1997,33,"""2012-02-08T00:00:00.000Z""",-73.85565297247497,40.75063941611056
1986,1,"""2006-03-21T00:00:00.000Z""",-73.95620669804529,40.685188011952384
1986,1,"""2012-02-08T00:00:00.000Z""",-73.95620669804529,40.685188011952384
2139,166,"""2008-01-17T00:00:00.000Z""",-73.94230145016135,40.84425001973704
2139,166,"""2008-01-17T00:00:00.000Z""",-73.94230145016135,40.84425001973704
2139,166,"""2008-01-17T00:00:00.000Z""",-73.94230145016135,40.84425001973704
1998,1,"""2012-02-08T00:00:00.000Z""",-73.95939441201683,40.81873529916431
1986,30,"""2007-06-28T00:00:00.000Z""",-73.85855146235609,40.748977687922206
1997,48,"""2009-08-05T00:00:00.000Z""",-73.95622015202117,40.68147310450691
1997,48,"""2012-03-14T00:00:00.000Z""",-73.95622015202117,40.68147310450691
1987,1,"""2019-10-02T00:00:00.000Z""",-73.95872995347221,40.68389170111827
1884,61,"""2009-11-10T00:00:00.000Z""",-73.96502446232668,40.805710152682146
1884,61,"""2009-11-10T00:00:00.000Z""",-73.96502446232668,40.805710152682146
1884,61,"""2009-11-10T00:00:00.000Z""",-73.96502446232668,40.805710152682146
1867,31,"""2002-10-11T00:00:00.000Z""",-73.96073901155245,40.8055503707518
1867,31,"""2002-10-11T00:00:00.000Z""",-73.96073901155245,40.8055503707518
1867,31,"""2002-10-11T00:00:00.000Z""",-73.96073901155245,40.8055503707518
1867,31,"""2002-10-11T00:00:00.000Z""",-73.96073901155245,40.8055503707518
1998,57,"""2007-07-31T00:00:00.000Z""",-73.85713899753274,40.749100046893794
1895,45,"""2009-02-19T00:00:00.000Z""",-73.96644853148281,40.80681411805663
1997,6,"""2012-03-14T00:00:00.000Z""",-73.85750567699965,40.7500499172718
1997,6,"""2012-02-08T00:00:00.000Z""",-73.85750567699965,40.7500499172718
1997,6,"""2011-07-14T00:00:00.000Z""",-73.85750567699965,40.7500499172718
1996,34,"""2009-04-28T00:00:00.000Z""",-73.85656591698691,40.75109572934142
1996,34,"""2012-02-08T00:00:00.000Z""",-73.85656591698691,40.75109572934142
1997,56,"""2004-12-15T00:00:00.000Z""",-73.85697156036052,40.74991080499697
1997,56,"""2012-02-08T00:00:00.000Z""",-73.85697156036052,40.74991080499697
1998,16,"""2012-03-14T00:00:00.000Z""",-73.85618606794212,40.749683604629354
1998,16,"""2007-06-28T00:00:00.000Z""",-73.85618606794212,40.749683604629354
2139,30,"""2008-01-17T00:00:00.000Z""",-73.94334050856591,40.84299227617184
2139,30,"""2008-01-17T00:00:00.000Z""",-73.94334050856591,40.84299227617184
2139,30,"""2008-01-17T00:00:00.000Z""",-73.94334050856591,40.84299227617184
1997,6,"""2012-03-14T00:00:00.000Z""",-73.95715977163275,40.68207329150758
1997,6,"""2012-02-08T00:00:00.000Z""",-73.95715977163275,40.68207329150758
1997,6,"""2011-07-14T00:00:00.000Z""",-73.95715977163275,40.68207329150758
1867,9,"""2002-10-11T00:00:00.000Z""",-73.94933383912023,40.67904997906558
1867,9,"""2002-10-11T00:00:00.000Z""",-73.94933383912023,40.67904997906558
1867,9,"""2002-10-11T00:00:00.000Z""",-73.94933383912023,40.67904997906558
1867,9,"""2002-10-11T00:00:00.000Z""",-73.94933383912023,40.67904997906558
1867,9,"""2002-10-11T00:00:00.000Z""",-73.96092212386205,40.80530573761647
1867,9,"""2002-10-11T00:00:00.000Z""",-73.96092212386205,40.80530573761647
1867,9,"""2002-10-11T00:00:00.000Z""",-73.96092212386205,40.80530573761647
1867,9,"""2002-10-11T00:00:00.000Z""",-73.96092212386205,40.80530573761647
1896,9,"""1991-07-31T00:00:00.000Z""",-73.96582227676144,40.807467258863596
1986,30,"""2007-06-28T00:00:00.000Z""",-73.9560022776244,40.817814710405976
1997,61,"""2008-06-26T00:00:00.000Z""",-73.85739333346143,40.749784328438636
1997,61,"""2012-03-14T00:00:00.000Z""",-73.85739333346143,40.749784328438636
1997,61,"""2012-02-08T00:00:00.000Z""",-73.85739333346143,40.749784328438636
1312,40,"""1992-01-03T00:00:00.000Z""",-73.94048973375288,40.664570581367954
1312,40,"""1992-03-27T00:00:00.000Z""",-73.94048973375288,40.664570581367954
1312,40,"""2002-03-19T00:00:00.000Z""",-73.94048973375288,40.664570581367954
1312,40,"""2002-03-19T00:00:00.000Z""",-73.94048973375288,40.664570581367954
1312,40,"""2002-03-19T00:00:00.000Z""",-73.94048973375288,40.664570581367954
1312,40,"""2002-03-19T00:00:00.000Z""",-73.94048973375288,40.664570581367954
1997,1,"""2005-01-31T00:00:00.000Z""",-73.85777591942343,40.74996915030527
1997,1,"""2012-03-14T00:00:00.000Z""",-73.85777591942343,40.74996915030527
1997,1,"""2012-02-08T00:00:00.000Z""",-73.85777591942343,40.74996915030527
1998,61,"""2007-07-31T00:00:00.000Z""",-73.8574745530253,40.748887335416484
1867,23,"""2002-10-11T00:00:00.000Z""",-73.96021607881356,40.805324362476746
1867,23,"""2002-10-11T00:00:00.000Z""",-73.96021607881356,40.805324362476746
1867,23,"""2002-10-11T00:00:00.000Z""",-73.96021607881356,40.805324362476746
1867,23,"""2002-10-11T00:00:00.000Z""",-73.96021607881356,40.805324362476746
2139,229,"""2009-11-10T00:00:00.000Z""",-73.94269148488138,40.84476102108629
2139,229,"""2009-11-10T00:00:00.000Z""",-73.94269148488138,40.84476102108629
2139,229,"""2009-11-10T00:00:00.000Z""",-73.94269148488138,40.84476102108629
1998,1,"""2012-02-08T00:00:00.000Z""",-73.85744519974034,40.74930716655725
1997,49,"""2012-03-14T00:00:00.000Z""",-73.95632488060768,40.68150401214312
1997,49,"""2012-02-08T00:00:00.000Z""",-73.95632488060768,40.68150401214312
1198,53,"""2018-11-07T00:00:00.000Z""",-73.97170062954467,40.785149229947564
1198,53,"""2002-06-25T00:00:00.000Z""",-73.97170062954467,40.785149229947564
1198,53,"""2002-06-25T00:00:00.000Z""",-73.97170062954467,40.785149229947564
1198,53,"""2018-11-07T00:00:00.000Z""",-73.97170062954467,40.785149229947564
1198,53,"""2018-11-07T00:00:00.000Z""",-73.97170062954467,40.785149229947564
1198,53,"""2002-06-25T00:00:00.000Z""",-73.97170062954467,40.785149229947564
1198,53,"""2002-06-25T00:00:00.000Z""",-73.97170062954467,40.785149229947564
1198,53,"""2002-06-25T00:00:00.000Z""",-73.97170062954467,40.785149229947564
1198,53,"""2002-06-25T00:00:00.000Z""",-73.97170062954467,40.785149229947564
1198,53,"""2018-11-07T00:00:00.000Z""",-73.97170062954467,40.785149229947564
1198,53,"""2002-06-25T00:00:00.000Z""",-73.97170062954467,40.785149229947564
861,49,"""2001-05-10T00:00:00.000Z""",-73.98315506400266,40.74592722550215
861,49,"""2001-05-10T00:00:00.000Z""",-73.98315506400266,40.74592722550215
861,49,"""2002-04-11T00:00:00.000Z""",-73.98315506400266,40.74592722550215
861,49,"""2002-04-11T00:00:00.000Z""",-73.98315506400266,40.74592722550215
861,49,"""2001-05-10T00:00:00.000Z""",-73.98315506400266,40.74592722550215
861,49,"""2002-04-11T00:00:00.000Z""",-73.98315506400266,40.74592722550215
861,49,"""2002-04-11T00:00:00.000Z""",-73.98315506400266,40.74592722550215
861,49,"""2002-04-11T00:00:00.000Z""",-73.98315506400266,40.74592722550215
1867,23,"""2002-10-11T00:00:00.000Z""",-73.86989692774048,40.74019368476692
1867,23,"""2002-10-11T00:00:00.000Z""",-73.86989692774048,40.74019368476692
1867,23,"""2002-10-11T00:00:00.000Z""",-73.86989692774048,40.74019368476692
1867,23,"""2002-10-11T00:00:00.000Z""",-73.86989692774048,40.74019368476692
5818,2065,"""1999-02-01T00:00:00.000Z""",-73.90125698698094,40.89444019356086
5818,2065,"""1999-02-01T00:00:00.000Z""",-73.90125698698094,40.89444019356086
5818,2065,"""2000-01-27T00:00:00.000Z""",-73.90125698698094,40.89444019356086
5818,2065,"""2000-01-27T00:00:00.000Z""",-73.90125698698094,40.89444019356086
5818,2065,"""1999-02-01T00:00:00.000Z""",-73.90125698698094,40.89444019356086
5818,2065,"""1999-02-01T00:00:00.000Z""",-73.90125698698094,40.89444019356086
1987,1,"""2019-10-02T00:00:00.000Z""",-73.9554220350958,40.81895768783598
1997,17,"""2008-08-18T00:00:00.000Z""",-73.95667784296266,40.68228263885938
1997,17,"""2012-03-14T00:00:00.000Z""",-73.95667784296266,40.68228263885938
1867,23,"""2002-10-11T00:00:00.000Z""",-73.948802354433,40.67928159053106
1867,23,"""2002-10-11T00:00:00.000Z""",-73.948802354433,40.67928159053106
1867,23,"""2002-10-11T00:00:00.000Z""",-73.948802354433,40.67928159053106
1867,23,"""2002-10-11T00:00:00.000Z""",-73.948802354433,40.67928159053106
1998,13,"""2007-06-28T00:00:00.000Z""",-73.95841209483964,40.81843057897061
1998,13,"""2012-02-08T00:00:00.000Z""",-73.95841209483964,40.81843057897061
1867,30,"""2002-10-11T00:00:00.000Z""",-73.94838035306577,40.67935328425647
1867,30,"""2002-10-11T00:00:00.000Z""",-73.94838035306577,40.67935328425647
1867,30,"""2002-10-11T00:00:00.000Z""",-73.94838035306577,40.67935328425647
1867,30,"""2002-10-11T00:00:00.000Z""",-73.94838035306577,40.67935328425647
1998,16,"""2012-03-14T00:00:00.000Z""",-73.95825511255872,40.81836431805389
1998,16,"""2007-06-28T00:00:00.000Z""",-73.95825511255872,40.81836431805389
1997,34,"""2006-01-23T00:00:00.000Z""",-73.8556200787564,40.75057576920347
1997,34,"""2012-03-14T00:00:00.000Z""",-73.8556200787564,40.75057576920347
1997,34,"""2012-02-08T00:00:00.000Z""",-73.8556200787564,40.75057576920347
1996,56,"""1983-06-07T00:00:00.000Z""",-73.95964695537157,40.81763828555558
1996,56,"""2012-07-26T00:00:00.000Z""",-73.95964695537157,40.81763828555558
1996,56,"""2012-03-14T00:00:00.000Z""",-73.95964695537157,40.81763828555558
1996,56,"""2012-02-08T00:00:00.000Z""",-73.95964695537157,40.81763828555558
1996,56,"""1983-06-07T00:00:00.000Z""",-73.95964695537157,40.81763828555558
1867,29,"""2002-10-11T00:00:00.000Z""",-73.9604878130417,40.80544471805097
1867,29,"""2002-10-11T00:00:00.000Z""",-73.9604878130417,40.80544471805097
1867,29,"""2002-10-11T00:00:00.000Z""",-73.9604878130417,40.80544471805097
1867,29,"""2002-10-11T00:00:00.000Z""",-73.9604878130417,40.80544471805097
1998,10,"""2012-02-08T00:00:00.000Z""",-73.9587658415479,40.818579889984846
1986,1,"""2006-03-21T00:00:00.000Z""",-73.86027378569302,40.748465921140074
1986,1,"""2012-02-08T00:00:00.000Z""",-73.86027378569302,40.748465921140074
1867,33,"""2002-10-11T00:00:00.000Z""",-73.86940340056455,40.74021732129771
1867,33,"""2002-10-11T00:00:00.000Z""",-73.86940340056455,40.74021732129771
1867,33,"""2002-10-11T00:00:00.000Z""",-73.86940340056455,40.74021732129771
1867,33,"""2002-10-11T00:00:00.000Z""",-73.86940340056455,40.74021732129771
2141,17,"""2007-06-28T00:00:00.000Z""",-73.93873229802243,40.84358503232115
1997,64,"""2007-08-07T00:00:00.000Z""",-73.85764533057589,40.74970876055755
1997,64,"""2012-03-14T00:00:00.000Z""",-73.85764533057589,40.74970876055755
1997,64,"""2012-02-08T00:00:00.000Z""",-73.85764533057589,40.74970876055755
1996,18,"""2004-12-15T00:00:00.000Z""",-73.95490977751783,40.683236007913194
1996,18,"""2012-03-14T00:00:00.000Z""",-73.95490977751783,40.683236007913194
1996,18,"""2012-02-08T00:00:00.000Z""",-73.95490977751783,40.683236007913194
1998,24,"""2008-06-20T00:00:00.000Z""",-73.95432510681945,40.682443154642534
1998,24,"""2012-03-14T00:00:00.000Z""",-73.95432510681945,40.682443154642534
2123,80,"""2009-04-28T00:00:00.000Z""",-73.93829350656938,40.840100077096196
2123,36,"""1984-04-06T00:00:00.000Z""",-73.85350692102456,40.73464539161644
1867,9,"""2002-10-11T00:00:00.000Z""",-73.87079650711998,40.73999273872513
1867,9,"""2002-10-11T00:00:00.000Z""",-73.87079650711998,40.73999273872513
1867,9,"""2002-10-11T00:00:00.000Z""",-73.87079650711998,40.73999273872513
1867,9,"""2002-10-11T00:00:00.000Z""",-73.87079650711998,40.73999273872513
1995,35,"""2012-10-17T00:00:00.000Z""",-73.95698041380876,40.68271633547533
1995,35,"""2012-02-08T00:00:00.000Z""",-73.95698041380876,40.68271633547533
1961,37,"""1990-12-11T00:00:00.000Z""",-73.9667772579718,40.68641407337034
1986,10,"""2004-07-22T00:00:00.000Z""",-73.95584472149278,40.685348887281215
1305,60,"""1993-06-30T00:00:00.000Z""",-73.95207129479435,40.66487183435988
1997,55,"""2005-01-31T00:00:00.000Z""",-73.85689084730456,40.749935014018725
1997,55,"""2012-02-08T00:00:00.000Z""",-73.85689084730456,40.749935014018725
1996,50,"""2006-03-07T00:00:00.000Z""",-73.95527935047213,40.682911747581464
1996,50,"""2006-03-07T00:00:00.000Z""",-73.95527935047213,40.682911747581464
1996,50,"""2012-03-14T00:00:00.000Z""",-73.95527935047213,40.682911747581464
1996,50,"""2012-03-14T00:00:00.000Z""",-73.95527935047213,40.682911747581464
1996,50,"""2006-03-07T00:00:00.000Z""",-73.95527935047213,40.682911747581464
1998,13,"""2007-06-28T00:00:00.000Z""",-73.85642817341022,40.74961122516886
1998,13,"""2012-02-08T00:00:00.000Z""",-73.85642817341022,40.74961122516886
1996,21,"""2012-03-14T00:00:00.000Z""",-73.95469299379359,40.68326080399801
1996,21,"""2012-02-08T00:00:00.000Z""",-73.95469299379359,40.68326080399801
1198,53,"""2018-11-07T00:00:00.000Z""",-73.90254698852043,40.750388458154326
1198,53,"""2002-06-25T00:00:00.000Z""",-73.90254698852043,40.750388458154326
1198,53,"""2002-06-25T00:00:00.000Z""",-73.90254698852043,40.750388458154326
1198,53,"""2018-11-07T00:00:00.000Z""",-73.90254698852043,40.750388458154326
1198,53,"""2018-11-07T00:00:00.000Z""",-73.90254698852043,40.750388458154326
1198,53,"""2002-06-25T00:00:00.000Z""",-73.90254698852043,40.750388458154326
1198,53,"""2002-06-25T00:00:00.000Z""",-73.90254698852043,40.750388458154326
1198,53,"""2002-06-25T00:00:00.000Z""",-73.90254698852043,40.750388458154326
1198,53,"""2002-06-25T00:00:00.000Z""",-73.90254698852043,40.750388458154326
1198,53,"""2018-11-07T00:00:00.000Z""",-73.90254698852043,40.750388458154326
1198,53,"""2002-06-25T00:00:00.000Z""",-73.90254698852043,40.750388458154326
1986,10,"""2004-07-22T00:00:00.000Z""",-73.9559128305707,40.817375167695594
1996,16,"""2012-03-14T00:00:00.000Z""",-73.95505079367595,40.68321987733238
1996,16,"""2012-02-08T00:00:00.000Z""",-73.95505079367595,40.68321987733238
1996,50,"""2006-03-07T00:00:00.000Z""",-73.85572024438557,40.751053920155
1996,50,"""2006-03-07T00:00:00.000Z""",-73.85572024438557,40.751053920155
1996,50,"""2012-03-14T00:00:00.000Z""",-73.85572024438557,40.751053920155
1996,50,"""2012-03-14T00:00:00.000Z""",-73.85572024438557,40.751053920155
1996,50,"""2006-03-07T00:00:00.000Z""",-73.85572024438557,40.751053920155
1998,6,"""2012-02-08T00:00:00.000Z""",-73.95908124059615,40.818713014367376
861,49,"""2001-05-10T00:00:00.000Z""",-74.02079557622048,40.64258672513801
861,49,"""2001-05-10T00:00:00.000Z""",-74.02079557622048,40.64258672513801
861,49,"""2002-04-11T00:00:00.000Z""",-74.02079557622048,40.64258672513801
861,49,"""2002-04-11T00:00:00.000Z""",-74.02079557622048,40.64258672513801
861,49,"""2001-05-10T00:00:00.000Z""",-74.02079557622048,40.64258672513801
861,49,"""2002-04-11T00:00:00.000Z""",-74.02079557622048,40.64258672513801
861,49,"""2002-04-11T00:00:00.000Z""",-74.02079557622048,40.64258672513801
861,49,"""2002-04-11T00:00:00.000Z""",-74.02079557622048,40.64258672513801
1867,33,"""2002-10-11T00:00:00.000Z""",-73.96084837721945,40.80559636866186
1867,33,"""2002-10-11T00:00:00.000Z""",-73.96084837721945,40.80559636866186
1867,33,"""2002-10-11T00:00:00.000Z""",-73.96084837721945,40.80559636866186
1867,33,"""2002-10-11T00:00:00.000Z""",-73.96084837721945,40.80559636866186
1997,61,"""2008-06-26T00:00:00.000Z""",-73.95720600067274,40.681632893931045
1997,61,"""2012-03-14T00:00:00.000Z""",-73.95720600067274,40.681632893931045
1997,61,"""2012-02-08T00:00:00.000Z""",-73.95720600067274,40.681632893931045
1997,48,"""2009-08-05T00:00:00.000Z""",-73.85630154124868,40.75011172117282
1997,48,"""2012-03-14T00:00:00.000Z""",-73.85630154124868,40.75011172117282
1896,9,"""1991-07-31T00:00:00.000Z""",-73.86548971546372,40.739017816409245
5789,33,"""2008-07-03T00:00:00.000Z""",-73.91243877557814,40.88568675400182
1995,40,"""2020-02-03T00:00:00.000Z""",-73.95922930541856,40.816147503377735
1995,40,"""2020-02-03T00:00:00.000Z""",-73.95922930541856,40.816147503377735
1995,40,"""2020-02-03T00:00:00.000Z""",-73.95922930541856,40.816147503377735
1995,40,"""2020-02-03T00:00:00.000Z""",-73.95922930541856,40.816147503377735
1995,40,"""2020-02-03T00:00:00.000Z""",-73.95922930541856,40.816147503377735
1995,40,"""2020-02-03T00:00:00.000Z""",-73.95922930541856,40.816147503377735
1995,40,"""2020-02-03T00:00:00.000Z""",-73.95922930541856,40.816147503377735
1995,40,"""2020-02-03T00:00:00.000Z""",-73.95922930541856,40.816147503377735
1995,40,"""2020-02-03T00:00:00.000Z""",-73.95922930541856,40.816147503377735
1995,40,"""2020-02-03T00:00:00.000Z""",-73.95922930541856,40.816147503377735
5789,33,"""2008-07-03T00:00:00.000Z""",-74.0218860926873,40.6417166286269
1995,53,"""2009-11-10T00:00:00.000Z""",-73.95990034192391,40.816908280605716
1995,53,"""2009-11-10T00:00:00.000Z""",-73.95990034192391,40.816908280605716
1995,53,"""2009-11-10T00:00:00.000Z""",-73.95990034192391,40.816908280605716
1998,57,"""2007-07-31T00:00:00.000Z""",-73.95882746665971,40.81891996339155
1996,61,"""2012-07-26T00:00:00.000Z""",-73.85647169223485,40.75082999053198
1996,61,"""2012-03-14T00:00:00.000Z""",-73.85647169223485,40.75082999053198
1996,61,"""2012-02-08T00:00:00.000Z""",-73.85647169223485,40.75082999053198
1997,1,"""2005-01-31T00:00:00.000Z""",-73.95861382270958,40.81786020805765
1997,1,"""2012-03-14T00:00:00.000Z""",-73.95861382270958,40.81786020805765
1997,1,"""2012-02-08T00:00:00.000Z""",-73.95861382270958,40.81786020805765
1996,23,"""2012-02-08T00:00:00.000Z""",-73.95454787710575,40.68327740342068
1995,31,"""2002-09-24T00:00:00.000Z""",-73.95848931459992,40.81634457746535
1995,31,"""2002-09-24T00:00:00.000Z""",-73.95848931459992,40.81634457746535
1995,31,"""2012-03-14T00:00:00.000Z""",-73.95848931459992,40.81634457746535
1995,31,"""2012-02-08T00:00:00.000Z""",-73.95848931459992,40.81634457746535
1995,31,"""2002-09-24T00:00:00.000Z""",-73.95848931459992,40.81634457746535
1995,31,"""2002-09-24T00:00:00.000Z""",-73.95848931459992,40.81634457746535
2094,36,"""2016-07-29T00:00:00.000Z""",-73.94952660918058,40.82830825856888
2094,36,"""2016-07-29T00:00:00.000Z""",-73.94952660918058,40.82830825856888
2094,36,"""2016-07-29T00:00:00.000Z""",-73.94952660918058,40.82830825856888
2094,36,"""2016-07-29T00:00:00.000Z""",-73.94952660918058,40.82830825856888
2094,36,"""2016-07-29T00:00:00.000Z""",-73.94952660918058,40.82830825856888
2094,36,"""2016-07-29T00:00:00.000Z""",-73.94952660918058,40.82830825856888
2094,36,"""2016-07-29T00:00:00.000Z""",-73.94952660918058,40.82830825856888
2094,36,"""2016-07-29T00:00:00.000Z""",-73.94952660918058,40.82830825856888
2094,36,"""2016-07-29T00:00:00.000Z""",-73.94952660918058,40.82830825856888
2094,36,"""2016-07-29T00:00:00.000Z""",-73.94952660918058,40.82830825856888
2785,40,"""1969-02-13T00:00:00.000Z""",-73.94958768505451,40.710570394952995
2785,40,"""1968-09-25T00:00:00.000Z""",-73.94958768505451,40.710570394952995
2785,40,"""1969-02-13T00:00:00.000Z""",-73.94958768505451,40.710570394952995
2785,40,"""1968-09-25T00:00:00.000Z""",-73.94958768505451,40.710570394952995
2785,40,"""1969-02-13T00:00:00.000Z""",-73.94958768505451,40.710570394952995
2785,40,"""1968-09-25T00:00:00.000Z""",-73.94958768505451,40.710570394952995
2785,40,"""1969-02-13T00:00:00.000Z""",-73.94958768505451,40.710570394952995
2785,40,"""1968-09-25T00:00:00.000Z""",-73.94958768505451,40.710570394952995
2785,40,"""1969-02-13T00:00:00.000Z""",-73.94958768505451,40.710570394952995
2785,40,"""1968-09-25T00:00:00.000Z""",-73.94958768505451,40.710570394952995
2785,40,"""1969-02-13T00:00:00.000Z""",-73.94958768505451,40.710570394952995
2785,40,"""1968-09-25T00:00:00.000Z""",-73.94958768505451,40.710570394952995
2785,40,"""1969-02-13T00:00:00.000Z""",-73.94958768505451,40.710570394952995
2785,40,"""1968-09-25T00:00:00.000Z""",-73.94958768505451,40.710570394952995
1497,48,"""2013-03-07T00:00:00.000Z""",-73.95842117083649,40.7803853743693
1497,48,"""2011-03-03T00:00:00.000Z""",-73.95842117083649,40.7803853743693
1497,48,"""2013-03-07T00:00:00.000Z""",-73.95842117083649,40.7803853743693
1497,48,"""2013-03-07T00:00:00.000Z""",-73.95842117083649,40.7803853743693